physical_segment_id,directed_segment_id,h3_res10,direction,endpoint_a_latitude,endpoint_a_longitude,endpoint_b_latitude,endpoint_b_longitude,route_distance_m,route_duration_reference_s,reference_duration_source,route_geometry,route_midpoint_latitude,route_midpoint_longitude,midpoint_distance_from_h3_m,route_intersects_or_near_h3,route_detour_ratio,snap_used,snap_status,route_status,segment_status,segment_quality_score,segment_algorithm_version,road_name,locality,sub_locality,formatted_address,segment_created_at,historical_station,normalized_propensity,corrected_rank,phase2_run_id,phase3_run_id
pseg_b32a4f277162e4d2,pseg_b32a4f277162e4d2_A_TO_B,8a6189219cc7fff,A_TO_B,12.987537,77.737782,12.987847,77.733668,448.0,46.2,route_adv,"{""type"": ""LineString"", ""coordinates"": [[77.73778, 12.98754], [77.73727, 12.98754], [77.7372, 12.98754], [77.73706, 12.98754], [77.73673, 12.98755], [77.73634, 12.98755], [77.73593, 12.98757], [77.73583, 12.98757], [77.7351, 12.98764], [77.7344, 12.98774], [77.73371, 12.98784], [77.73367, 12.98785]]}",12.987580937189676,77.73571594073624,2.2176172626598976,True,1.002048199419375,True,SNAPPED,OK,VALID,0.997353,phase3-seg-v1,Whitefield Road,Whitefield,International Technology Park Bangalore,"Whitefield Road, International Technology Park Bangalore, Whitefield, Bengaluru, Karnataka. Pin-560066 (India)",2026-06-22T19:09:06.591263+05:30,WHITEFIELD,0.2888678967021208,77.0,20260622_132248_phase2,20260622_190858_phase3
pseg_b32a4f277162e4d2,pseg_b32a4f277162e4d2_B_TO_A,8a6189219cc7fff,B_TO_A,12.987847,77.733668,12.987537,77.737782,448.0,46.2,route_adv,"{""type"": ""LineString"", ""coordinates"": [[77.73778, 12.98754], [77.73727, 12.98754], [77.7372, 12.98754], [77.73706, 12.98754], [77.73673, 12.98755], [77.73634, 12.98755], [77.73593, 12.98757], [77.73583, 12.98757], [77.7351, 12.98764], [77.7344, 12.98774], [77.73371, 12.98784], [77.73367, 12.98785]]}",12.987580937189676,77.73571594073624,2.2176172626598976,True,1.002048199419375,True,SNAPPED,OK,VALID,0.997353,phase3-seg-v1,Whitefield Road,Whitefield,International Technology Park Bangalore,"Whitefield Road, International Technology Park Bangalore, Whitefield, Bengaluru, Karnataka. Pin-560066 (India)",2026-06-22T19:09:06.591263+05:30,WHITEFIELD,0.2888678967021208,77.0,20260622_132248_phase2,20260622_190858_phase3
pseg_73d08ed8f8958e84,pseg_73d08ed8f8958e84_A_TO_B,8a61892086a7fff,A_TO_B,12.951857,77.717502,12.948033,77.718058,449.2,69.7,route_adv,"{""type"": ""LineString"", ""coordinates"": [[77.7175, 12.95186], [77.7175, 12.95186], [77.7175, 12.95178], [77.71751, 12.9516], [77.71751, 12.95143], [77.71755, 12.95098], [77.71759, 12.95058], [77.71761, 12.95045], [77.71763, 12.95015], [77.71766, 12.94998], [77.71771, 12.94978], [77.71774, 12.94968], [77.71778, 12.94961], [77.71782, 12.94958], [77.71796, 12.94958], [77.718, 12.94956], [77.71802, 12.9495], [77.71804, 12.94916], [77.71804, 12.94891], [77.71806, 12.94803]]}",12.949851247305531,77.71769218817361,43.79052643472202,True,1.045971960581223,True,SNAPPED,OK,VALID,0.968684,phase3-seg-v1,Vibgyor High School Road,Thubarahalli,Rajni Ashish Apartment,"Vibgyor High School Road, Rajni Ashish Apartment, Thubarahalli, Bengaluru, Karnataka. Pin-560066 (India)",2026-06-22T19:09:08.443824+05:30,WHITEFIELD,0.24027215495775323,129.0,20260622_132248_phase2,20260622_190858_phase3
pseg_73d08ed8f8958e84,pseg_73d08ed8f8958e84_B_TO_A,8a61892086a7fff,B_TO_A,12.948033,77.718058,12.951857,77.717502,449.2,69.7,route_adv,"{""type"": ""LineString"", ""coordinates"": [[77.7175, 12.95186], [77.7175, 12.95186], [77.7175, 12.95178], [77.71751, 12.9516], [77.71751, 12.95143], [77.71755, 12.95098], [77.71759, 12.95058], [77.71761, 12.95045], [77.71763, 12.95015], [77.71766, 12.94998], [77.71771, 12.94978], [77.71774, 12.94968], [77.71778, 12.94961], [77.71782, 12.94958], [77.71796, 12.94958], [77.718, 12.94956], [77.71802, 12.9495], [77.71804, 12.94916], [77.71804, 12.94891], [77.71806, 12.94803]]}",12.949851247305531,77.71769218817361,43.79052643472202,True,1.045971960581223,True,SNAPPED,OK,VALID,0.968684,phase3-seg-v1,Vibgyor High School Road,Thubarahalli,Rajni Ashish Apartment,"Vibgyor High School Road, Rajni Ashish Apartment, Thubarahalli, Bengaluru, Karnataka. Pin-560066 (India)",2026-06-22T19:09:08.443824+05:30,WHITEFIELD,0.24027215495775323,129.0,20260622_132248_phase2,20260622_190858_phase3
pseg_ba91fe092e03c491,pseg_ba91fe092e03c491_A_TO_B,8a6189219ceffff,A_TO_B,12.987573,77.735828,12.985827,77.733518,471.0,88.1,route_adv,"{""type"": ""LineString"", ""coordinates"": [[77.73583, 12.98757], [77.7351, 12.98764], [77.7344, 12.98774], [77.73371, 12.98784], [77.7337, 12.9873], [77.7337, 12.98707], [77.73369, 12.98649], [77.73364, 12.98649], [77.73359, 12.98649], [77.73358, 12.98587], [77.73355, 12.98585], [77.73352, 12.98583]]}",12.987812685561277,77.73370949417706,206.16061594099457,True,1.4869214554493329,True,SNAPPED,OK,VALID,0.815945,phase3-seg-v1,Whitefield Road,Whitefield,Sadaramangala Industrial Area,"Pattandur Agrahara Road, Sadaramangala Industrial Area, Whitefield, Bengaluru, Karnataka. Pin-560066 (India)",2026-06-22T19:09:11.427074+05:30,WHITEFIELD,0.21184759984696772,214.0,20260622_132248_phase2,20260622_190858_phase3
pseg_ba91fe092e03c491,pseg_ba91fe092e03c491_B_TO_A,8a6189219ceffff,B_TO_A,12.985827,77.733518,12.987573,77.735828,471.0,88.1,route_adv,"{""type"": ""LineString"", ""coordinates"": [[77.73583, 12.98757], [77.7351, 12.98764], [77.7344, 12.98774], [77.73371, 12.98784], [77.7337, 12.9873], [77.7337, 12.98707], [77.73369, 12.98649], [77.73364, 12.98649], [77.73359, 12.98649], [77.73358, 12.98587], [77.73355, 12.98585], [77.73352, 12.98583]]}",12.987812685561277,77.73370949417706,206.16061594099457,True,1.4869214554493329,True,SNAPPED,OK,VALID,0.815945,phase3-seg-v1,Whitefield Road,Whitefield,Sadaramangala Industrial Area,"Pattandur Agrahara Road, Sadaramangala Industrial Area, Whitefield, Bengaluru, Karnataka. Pin-560066 (India)",2026-06-22T19:09:11.427074+05:30,WHITEFIELD,0.21184759984696772,214.0,20260622_132248_phase2,20260622_190858_phase3
pseg_aa4e158b504adf86,pseg_aa4e158b504adf86_A_TO_B,8a618920ac1ffff,A_TO_B,12.965653,77.732812,12.962048,77.732903,454.5,83.1,route_adv,"{""type"": ""LineString"", ""coordinates"": [[77.73281, 12.96565], [77.73336, 12.96557], [77.73333, 12.96532], [77.73331, 12.96519], [77.73327, 12.96489], [77.73327, 12.9645], [77.7332, 12.96396], [77.73318, 12.96382], [77.73314, 12.96354], [77.7331, 12.96322], [77.733, 12.96253], [77.73297, 12.96235], [77.73292, 12.96212], [77.7329, 12.96205]]}",12.964073346813025,77.7332146931054,35.454199400052794,True,1.1334758826681193,True,SNAPPED,OK,VALID,0.96288,phase3-seg-v1,Nallurahalli Road,Whitefield,SV Mayfair,"Nallurahalli Road, SV Mayfair, Whitefield, Bengaluru, Karnataka. Pin-560066 (India)",2026-06-22T19:09:15.066516+05:30,WHITEFIELD,0.1985271962433024,276.0,20260622_132248_phase2,20260622_190858_phase3
pseg_aa4e158b504adf86,pseg_aa4e158b504adf86_B_TO_A,8a618920ac1ffff,B_TO_A,12.962048,77.732903,12.965653,77.732812,454.5,83.1,route_adv,"{""type"": ""LineString"", ""coordinates"": [[77.73281, 12.96565], [77.73336, 12.96557], [77.73333, 12.96532], [77.73331, 12.96519], [77.73327, 12.96489], [77.73327, 12.9645], [77.7332, 12.96396], [77.73318, 12.96382], [77.73314, 12.96354], [77.7331, 12.96322], [77.733, 12.96253], [77.73297, 12.96235], [77.73292, 12.96212], [77.7329, 12.96205]]}",12.964073346813025,77.7332146931054,35.454199400052794,True,1.1334758826681193,True,SNAPPED,OK,VALID,0.96288,phase3-seg-v1,Nallurahalli Road,Whitefield,SV Mayfair,"Nallurahalli Road, SV Mayfair, Whitefield, Bengaluru, Karnataka. Pin-560066 (India)",2026-06-22T19:09:15.066516+05:30,WHITEFIELD,0.1985271962433024,276.0,20260622_132248_phase2,20260622_190858_phase3
pseg_227e1676bf7bcf79,pseg_227e1676bf7bcf79_A_TO_B,8a6189218a07fff,A_TO_B,12.985717,77.748464,12.985655,77.745044,447.8,76.4,route_adv,"{""type"": ""LineString"", ""coordinates"": [[77.74846, 12.98572], [77.74829, 12.98565], [77.74778, 12.98544], [77.74773, 12.98533], [77.74743, 12.98544], [77.74703, 12.98559], [77.74663, 12.98576], [77.7462, 12.98591], [77.74571, 12.98609], [77.74525, 12.98623], [77.74504, 12.98566], [77.74504, 12.98566]]}",12.985766010503992,77.74661276988856,40.191623005712366,True,1.208228000018744,True,SNAPPED,OK,VALID,0.95384,phase3-seg-v1,Dinnur Main Road,Whitefield,Gulmohar,"Whitefield Road, Gulmohar, Whitefield, Bengaluru, Karnataka. Pin-560066 (India)",2026-06-22T19:09:16.748441+05:30,WHITEFIELD,0.19741256171092098,282.0,20260622_132248_phase2,20260622_190858_phase3
pseg_227e1676bf7bcf79,pseg_227e1676bf7bcf79_B_TO_A,8a6189218a07fff,B_TO_A,12.985655,77.745044,12.985717,77.748464,447.8,76.4,route_adv,"{""type"": ""LineString"", ""coordinates"": [[77.74846, 12.98572], [77.74829, 12.98565], [77.74778, 12.98544], [77.74773, 12.98533], [77.74743, 12.98544], [77.74703, 12.98559], [77.74663, 12.98576], [77.7462, 12.98591], [77.74571, 12.98609], [77.74525, 12.98623], [77.74504, 12.98566], [77.74504, 12.98566]]}",12.985766010503992,77.74661276988856,40.191623005712366,True,1.208228000018744,True,SNAPPED,OK,VALID,0.95384,phase3-seg-v1,Dinnur Main Road,Whitefield,Gulmohar,"Whitefield Road, Gulmohar, Whitefield, Bengaluru, Karnataka. Pin-560066 (India)",2026-06-22T19:09:16.748441+05:30,WHITEFIELD,0.19741256171092098,282.0,20260622_132248_phase2,20260622_190858_phase3
pseg_9f55ab9f9a6e5ca1,pseg_9f55ab9f9a6e5ca1_A_TO_B,8a6189208687fff,A_TO_B,12.951849,77.719211,12.951352,77.715486,443.8,124.0,route_adv,"{""type"": ""LineString"", ""coordinates"": [[77.71921, 12.95185], [77.7182, 12.95181], [77.71777, 12.95179], [77.7175, 12.95178], [77.71751, 12.9516], [77.71695, 12.95159], [77.71639, 12.95159], [77.71603, 12.95156], [77.71547, 12.95151], [77.71549, 12.95135]]}",12.95159720888073,77.71735369732089,50.63615544305257,True,1.0892692017408454,True,SNAPPED,OK,VALID,0.957247,phase3-seg-v1,Sai Baba Temple Road,Munnekolala,Green Garden Layout,"Vibgyor High School Road, Samhita Rainbow MTB Apartment, Green Garden Layout, Munnekolala, Bengaluru, Karnataka. Pin-560037 (India)",2026-06-22T19:09:18.652441+05:30,WHITEFIELD,0.16900486222795535,479.0,20260622_132248_phase2,20260622_190858_phase3
pseg_9f55ab9f9a6e5ca1,pseg_9f55ab9f9a6e5ca1_B_TO_A,8a6189208687fff,B_TO_A,12.951352,77.715486,12.951849,77.719211,443.8,124.0,route_adv,"{""type"": ""LineString"", ""coordinates"": [[77.71921, 12.95185], [77.7182, 12.95181], [77.71777, 12.95179], [77.7175, 12.95178], [77.71751, 12.9516], [77.71695, 12.95159], [77.71639, 12.95159], [77.71603, 12.95156], [77.71547, 12.95151], [77.71549, 12.95135]]}",12.95159720888073,77.71735369732089,50.63615544305257,True,1.0892692017408454,True,SNAPPED,OK,VALID,0.957247,phase3-seg-v1,Sai Baba Temple Road,Munnekolala,Green Garden Layout,"Vibgyor High School Road, Samhita Rainbow MTB Apartment, Green Garden Layout, Munnekolala, Bengaluru, Karnataka. Pin-560037 (India)",2026-06-22T19:09:18.652441+05:30,WHITEFIELD,0.16900486222795535,479.0,20260622_132248_phase2,20260622_190858_phase3
pseg_e735117b2316ace0,pseg_e735117b2316ace0_A_TO_B,8a61892191b7fff,A_TO_B,12.986401,77.735579,12.986016,77.732222,451.6,169.0,route_adv,"{""type"": ""LineString"", ""coordinates"": [[77.73558, 12.9864], [77.73558, 12.9864], [77.73547, 12.9864], [77.73541, 12.9864], [77.73535, 12.98642], [77.73525, 12.98648], [77.7349, 12.98648], [77.73448, 12.98648], [77.73387, 12.98649], [77.73369, 12.98649], [77.73364, 12.98649], [77.73359, 12.98649], [77.73358, 12.98587], [77.73355, 12.98585], [77.73352, 12.98583], [77.73266, 12.98583], [77.73256, 12.98586], [77.73248, 12.98591], [77.73241, 12.98602], [77.73238, 12.98609], [77.7323, 12.98605], [77.73222, 12.98602], [77.73222, 12.98602]]}",12.986419798053628,77.73358886771055,33.90670426015711,True,1.2330543357401385,True,SNAPPED,OK,VALID,0.955462,phase3-seg-v1,,Whitefield,EOIZ Industrial Area,"Pattandur Agrahara Road, Harman Campus, EOIZ Industrial Area, Whitefield, Bengaluru, Karnataka. Pin-560066 (India)",2026-06-22T19:09:20.458659+05:30,WHITEFIELD,0.16519508899941443,523.0,20260622_132248_phase2,20260622_190858_phase3
pseg_e735117b2316ace0,pseg_e735117b2316ace0_B_TO_A,8a61892191b7fff,B_TO_A,12.986016,77.732222,12.986401,77.735579,451.6,169.0,route_adv,"{""type"": ""LineString"", ""coordinates"": [[77.73558, 12.9864], [77.73558, 12.9864], [77.73547, 12.9864], [77.73541, 12.9864], [77.73535, 12.98642], [77.73525, 12.98648], [77.7349, 12.98648], [77.73448, 12.98648], [77.73387, 12.98649], [77.73369, 12.98649], [77.73364, 12.98649], [77.73359, 12.98649], [77.73358, 12.98587], [77.73355, 12.98585], [77.73352, 12.98583], [77.73266, 12.98583], [77.73256, 12.98586], [77.73248, 12.98591], [77.73241, 12.98602], [77.73238, 12.98609], [77.7323, 12.98605], [77.73222, 12.98602], [77.73222, 12.98602]]}",12.986419798053628,77.73358886771055,33.90670426015711,True,1.2330543357401385,True,SNAPPED,OK,VALID,0.955462,phase3-seg-v1,,Whitefield,EOIZ Industrial Area,"Pattandur Agrahara Road, Harman Campus, EOIZ Industrial Area, Whitefield, Bengaluru, Karnataka. Pin-560066 (India)",2026-06-22T19:09:20.458659+05:30,WHITEFIELD,0.16519508899941443,523.0,20260622_132248_phase2,20260622_190858_phase3
pseg_acba30a5f68a000a,pseg_acba30a5f68a000a_A_TO_B,8a618920a987fff,A_TO_B,12.956608,77.734229,12.956074,77.730105,451.3,46.7,route_adv,"{""type"": ""LineString"", ""coordinates"": [[77.73423, 12.95661], [77.73413, 12.95659], [77.73345, 12.95648], [77.73291, 12.95639], [77.73243, 12.95631], [77.73195, 12.95624], [77.73146, 12.95618], [77.73097, 12.95613], [77.73033, 12.95609], [77.73011, 12.95607]]}",12.956273369780568,77.73217882135246,35.29077931591038,True,1.0010630155492903,True,SNAPPED,OK,VALID,0.977997,phase3-seg-v1,HAL Airport Road,Siddapura,Miraya Rose,"HAL Airport Road, Miraya Rose, Siddapura, Bengaluru, Karnataka. Pin-560066 (India)",2026-06-22T19:09:22.516552+05:30,WHITEFIELD,0.14827104301486752,788.0,20260622_132248_phase2,20260622_190858_phase3
pseg_acba30a5f68a000a,pseg_acba30a5f68a000a_B_TO_A,8a618920a987fff,B_TO_A,12.956074,77.730105,12.956608,77.734229,451.3,46.7,route_adv,"{""type"": ""LineString"", ""coordinates"": [[77.73423, 12.95661], [77.73413, 12.95659], [77.73345, 12.95648], [77.73291, 12.95639], [77.73243, 12.95631], [77.73195, 12.95624], [77.73146, 12.95618], [77.73097, 12.95613], [77.73033, 12.95609], [77.73011, 12.95607]]}",12.956273369780568,77.73217882135246,35.29077931591038,True,1.0010630155492903,True,SNAPPED,OK,VALID,0.977997,phase3-seg-v1,HAL Airport Road,Siddapura,Miraya Rose,"HAL Airport Road, Miraya Rose, Siddapura, Bengaluru, Karnataka. Pin-560066 (India)",2026-06-22T19:09:22.516552+05:30,WHITEFIELD,0.14827104301486752,788.0,20260622_132248_phase2,20260622_190858_phase3
pseg_76fe0e93a649fdef,pseg_76fe0e93a649fdef_A_TO_B,8a6189218867fff,A_TO_B,12.985032,77.753003,12.981127,77.751898,452.3,37.9,route_adv,"{""type"": ""LineString"", ""coordinates"": [[77.753, 12.98503], [77.75287, 12.98467], [77.75269, 12.98424], [77.75252, 12.98381], [77.75249, 12.98372], [77.75227, 12.98311], [77.75221, 12.98277], [77.75211, 12.98223], [77.75201, 12.98169], [77.75197, 12.98146], [77.7519, 12.98113], [77.7519, 12.98113]]}",12.98312667603585,77.75227601430801,28.973538759128925,True,1.0041722758329201,True,SNAPPED,OK,VALID,0.980921,phase3-seg-v1,Whitefield Main Road,Whitefield,Hope Farm Circle,"Whitefield Main Road, Hope Farm Circle, Whitefield, Bengaluru, Karnataka. Pin-560066 (India)",2026-06-22T19:09:25.126394+05:30,WHITEFIELD,0.14765743506841456,810.0,20260622_132248_phase2,20260622_190858_phase3
pseg_76fe0e93a649fdef,pseg_76fe0e93a649fdef_B_TO_A,8a6189218867fff,B_TO_A,12.981127,77.751898,12.985032,77.753003,452.3,37.9,route_adv,"{""type"": ""LineString"", ""coordinates"": [[77.753, 12.98503], [77.75287, 12.98467], [77.75269, 12.98424], [77.75252, 12.98381], [77.75249, 12.98372], [77.75227, 12.98311], [77.75221, 12.98277], [77.75211, 12.98223], [77.75201, 12.98169], [77.75197, 12.98146], [77.7519, 12.98113], [77.7519, 12.98113]]}",12.98312667603585,77.75227601430801,28.973538759128925,True,1.0041722758329201,True,SNAPPED,OK,VALID,0.980921,phase3-seg-v1,Whitefield Main Road,Whitefield,Hope Farm Circle,"Whitefield Main Road, Hope Farm Circle, Whitefield, Bengaluru, Karnataka. Pin-560066 (India)",2026-06-22T19:09:25.126394+05:30,WHITEFIELD,0.14765743506841456,810.0,20260622_132248_phase2,20260622_190858_phase3
pseg_6f970560a7f33afa,pseg_6f970560a7f33afa_A_TO_B,8a618921d497fff,A_TO_B,12.983613,77.753356,12.980534,77.751778,458.6,38.8,route_adv,"{""type"": ""LineString"", ""coordinates"": [[77.75336, 12.98361], [77.75321, 12.98363], [77.75249, 12.98372], [77.75227, 12.98311], [77.75221, 12.98277], [77.75211, 12.98223], [77.75201, 12.98169], [77.75197, 12.98146], [77.7519, 12.98113], [77.75178, 12.98055], [77.75178, 12.98053]]}",12.982556972540191,77.75217055047041,51.35433379290404,True,1.1983612751636106,True,SNAPPED,OK,VALID,0.944573,phase3-seg-v1,Channasandra Main Road,Whitefield,HM Tech Park,"Whitefield Main Road, HM Tech Park, Whitefield, Bengaluru, Karnataka. Pin-560066 (India)",2026-06-22T19:09:29.018535+05:30,WHITEFIELD,0.1435117831959798,895.0,20260622_132248_phase2,20260622_190858_phase3
pseg_6f970560a7f33afa,pseg_6f970560a7f33afa_B_TO_A,8a618921d497fff,B_TO_A,12.980534,77.751778,12.983613,77.753356,458.6,38.8,route_adv,"{""type"": ""LineString"", ""coordinates"": [[77.75336, 12.98361], [77.75321, 12.98363], [77.75249, 12.98372], [77.75227, 12.98311], [77.75221, 12.98277], [77.75211, 12.98223], [77.75201, 12.98169], [77.75197, 12.98146], [77.7519, 12.98113], [77.75178, 12.98055], [77.75178, 12.98053]]}",12.982556972540191,77.75217055047041,51.35433379290404,True,1.1983612751636106,True,SNAPPED,OK,VALID,0.944573,phase3-seg-v1,Channasandra Main Road,Whitefield,HM Tech Park,"Whitefield Main Road, HM Tech Park, Whitefield, Bengaluru, Karnataka. Pin-560066 (India)",2026-06-22T19:09:29.018535+05:30,WHITEFIELD,0.1435117831959798,895.0,20260622_132248_phase2,20260622_190858_phase3
pseg_b12ddc82b5ab486f,pseg_b12ddc82b5ab486f_A_TO_B,8a61892191a7fff,A_TO_B,12.987488,77.733703,12.983433,77.73365,451.2,65.0,route_adv,"{""type"": ""LineString"", ""coordinates"": [[77.7337, 12.98749], [77.7337, 12.9873], [77.7337, 12.98707], [77.73369, 12.98649], [77.73367, 12.98563], [77.73367, 12.98557], [77.73367, 12.98506], [77.73367, 12.98493], [77.73368, 12.98432], [77.73367, 12.98417], [77.73367, 12.9841], [77.73365, 12.98363], [77.73365, 12.98352], [77.73365, 12.98343]]}",12.985459752379771,77.73367,44.729457706450226,True,1.0005943353230662,True,SNAPPED,OK,VALID,0.972436,phase3-seg-v1,Pattandur Agrahara Road,Whitefield,EOIZ Industrial Area,"Pattandur Agrahara Road, Harman Campus, EOIZ Industrial Area, Whitefield, Bengaluru, Karnataka. Pin-560066 (India)",2026-06-22T19:09:30.627159+05:30,WHITEFIELD,0.1386833318540078,1018.0,20260622_132248_phase2,20260622_190858_phase3
pseg_b12ddc82b5ab486f,pseg_b12ddc82b5ab486f_B_TO_A,8a61892191a7fff,B_TO_A,12.983433,77.73365,12.987488,77.733703,451.2,65.0,route_adv,"{""type"": ""LineString"", ""coordinates"": [[77.7337, 12.98749], [77.7337, 12.9873], [77.7337, 12.98707], [77.73369, 12.98649], [77.73367, 12.98563], [77.73367, 12.98557], [77.73367, 12.98506], [77.73367, 12.98493], [77.73368, 12.98432], [77.73367, 12.98417], [77.73367, 12.9841], [77.73365, 12.98363], [77.73365, 12.98352], [77.73365, 12.98343]]}",12.985459752379771,77.73367,44.729457706450226,True,1.0005943353230662,True,SNAPPED,OK,VALID,0.972436,phase3-seg-v1,Pattandur Agrahara Road,Whitefield,EOIZ Industrial Area,"Pattandur Agrahara Road, Harman Campus, EOIZ Industrial Area, Whitefield, Bengaluru, Karnataka. Pin-560066 (India)",2026-06-22T19:09:30.627159+05:30,WHITEFIELD,0.1386833318540078,1018.0,20260622_132248_phase2,20260622_190858_phase3
pseg_870033930925f9fb,pseg_870033930925f9fb_A_TO_B,8a618920e98ffff,A_TO_B,12.943562,77.747045,12.939513,77.747451,455.7,36.5,route_adv,"{""type"": ""LineString"", ""coordinates"": [[77.74705, 12.94356], [77.74705, 12.94333], [77.74705, 12.94286], [77.74705, 12.94257], [77.74702, 12.94246], [77.74702, 12.94229], [77.74703, 12.94208], [77.74705, 12.94175], [77.74709, 12.94157], [77.74713, 12.94131], [77.74716, 12.9411], [77.74719, 12.94082], [77.74721, 12.94051], [77.74723, 12.94038], [77.74731, 12.94013], [77.74743, 12.93973], [77.74745, 12.93951]]}",12.941520943008333,77.74709754722949,50.93933814459437,True,1.007354517200911,True,SNAPPED,OK,VALID,0.965534,phase3-seg-v1,Varthur Main Road,Varthur Marattahalli,KSRTC Travel House Junction,"Varthur Main Road, KSRTC Travel House Junction, Varthur Marattahalli, Bengaluru, Karnataka. Pin-560087 (India)",2026-06-22T19:09:36.692096+05:30,WHITEFIELD,0.13786449908381193,1062.0,20260622_132248_phase2,20260622_190858_phase3
pseg_870033930925f9fb,pseg_870033930925f9fb_B_TO_A,8a618920e98ffff,B_TO_A,12.939513,77.747451,12.943562,77.747045,455.7,36.5,route_adv,"{""type"": ""LineString"", ""coordinates"": [[77.74705, 12.94356], [77.74705, 12.94333], [77.74705, 12.94286], [77.74705, 12.94257], [77.74702, 12.94246], [77.74702, 12.94229], [77.74703, 12.94208], [77.74705, 12.94175], [77.74709, 12.94157], [77.74713, 12.94131], [77.74716, 12.9411], [77.74719, 12.94082], [77.74721, 12.94051], [77.74723, 12.94038], [77.74731, 12.94013], [77.74743, 12.93973], [77.74745, 12.93951]]}",12.941520943008333,77.74709754722949,50.93933814459437,True,1.007354517200911,True,SNAPPED,OK,VALID,0.965534,phase3-seg-v1,Varthur Main Road,Varthur Marattahalli,KSRTC Travel House Junction,"Varthur Main Road, KSRTC Travel House Junction, Varthur Marattahalli, Bengaluru, Karnataka. Pin-560087 (India)",2026-06-22T19:09:36.692096+05:30,WHITEFIELD,0.13786449908381193,1062.0,20260622_132248_phase2,20260622_190858_phase3
pseg_fdaa6de03b18fc94,pseg_fdaa6de03b18fc94_A_TO_B,8a618921d8d7fff,A_TO_B,12.967905,77.749539,12.964164,77.748499,450.8,46.7,route_adv,"{""type"": ""LineString"", ""coordinates"": [[77.74954, 12.96791], [77.74955, 12.96794], [77.74965, 12.96792], [77.74963, 12.96783], [77.74954, 12.96757], [77.74935, 12.96688], [77.7492, 12.96638], [77.74912, 12.96614], [77.74887, 12.96537], [77.74874, 12.96495], [77.74871, 12.96483], [77.7485, 12.96416], [77.7485, 12.96416]]}",12.966099388492204,77.74910681444553,55.66938173174205,True,1.0460001278947688,True,SNAPPED,OK,VALID,0.961554,phase3-seg-v1,Whitefield Main Road,Whitefield,Narayanappa Garden,"Whitefield Main Road, Narayanappa Garden, Whitefield, Bengaluru, Karnataka. Pin-560066 (India)",2026-06-22T19:09:38.170391+05:30,WHITEFIELD,0.135687912382995,1107.0,20260622_132248_phase2,20260622_190858_phase3
pseg_fdaa6de03b18fc94,pseg_fdaa6de03b18fc94_B_TO_A,8a618921d8d7fff,B_TO_A,12.964164,77.748499,12.967905,77.749539,450.8,46.7,route_adv,"{""type"": ""LineString"", ""coordinates"": [[77.74954, 12.96791], [77.74955, 12.96794], [77.74965, 12.96792], [77.74963, 12.96783], [77.74954, 12.96757], [77.74935, 12.96688], [77.7492, 12.96638], [77.74912, 12.96614], [77.74887, 12.96537], [77.74874, 12.96495], [77.74871, 12.96483], [77.7485, 12.96416], [77.7485, 12.96416]]}",12.966099388492204,77.74910681444553,55.66938173174205,True,1.0460001278947688,True,SNAPPED,OK,VALID,0.961554,phase3-seg-v1,Whitefield Main Road,Whitefield,Narayanappa Garden,"Whitefield Main Road, Narayanappa Garden, Whitefield, Bengaluru, Karnataka. Pin-560066 (India)",2026-06-22T19:09:38.170391+05:30,WHITEFIELD,0.135687912382995,1107.0,20260622_132248_phase2,20260622_190858_phase3
pseg_3a63d028ae18fc47,pseg_3a63d028ae18fc47_A_TO_B,8a618921d1a7fff,A_TO_B,12.972404,77.750308,12.968475,77.749887,450.6,41.4,route_adv,"{""type"": ""LineString"", ""coordinates"": [[77.75031, 12.9724], [77.75029, 12.97223], [77.75027, 12.97212], [77.75025, 12.97187], [77.75022, 12.97163], [77.75018, 12.97137], [77.75014, 12.97103], [77.75008, 12.97054], [77.75004, 12.97028], [77.74998, 12.9698], [77.74985, 12.96896], [77.7498, 12.96862], [77.74978, 12.96849], [77.74984, 12.96848], [77.74989, 12.96848]]}",12.970389208002013,77.75005680123108,20.045418468705815,True,1.025815872166971,True,SNAPPED,OK,VALID,0.985058,phase3-seg-v1,Whitefield Main Road,Whitefield,HBK Layout,"Whitefield Main Road, HBK Layout, Whitefield, Bengaluru, Karnataka. Pin-560066 (India)",2026-06-22T19:09:40.212709+05:30,WHITEFIELD,0.13546440333614057,1155.0,20260622_132248_phase2,20260622_190858_phase3
pseg_3a63d028ae18fc47,pseg_3a63d028ae18fc47_B_TO_A,8a618921d1a7fff,B_TO_A,12.968475,77.749887,12.972404,77.750308,450.6,41.4,route_adv,"{""type"": ""LineString"", ""coordinates"": [[77.75031, 12.9724], [77.75029, 12.97223], [77.75027, 12.97212], [77.75025, 12.97187], [77.75022, 12.97163], [77.75018, 12.97137], [77.75014, 12.97103], [77.75008, 12.97054], [77.75004, 12.97028], [77.74998, 12.9698], [77.74985, 12.96896], [77.7498, 12.96862], [77.74978, 12.96849], [77.74984, 12.96848], [77.74989, 12.96848]]}",12.970389208002013,77.75005680123108,20.045418468705815,True,1.025815872166971,True,SNAPPED,OK,VALID,0.985058,phase3-seg-v1,Whitefield Main Road,Whitefield,HBK Layout,"Whitefield Main Road, HBK Layout, Whitefield, Bengaluru, Karnataka. Pin-560066 (India)",2026-06-22T19:09:40.212709+05:30,WHITEFIELD,0.13546440333614057,1155.0,20260622_132248_phase2,20260622_190858_phase3
pseg_92b513a6d6e6e35b,pseg_92b513a6d6e6e35b_A_TO_B,8a618920ac07fff,A_TO_B,12.96519,77.733309,12.961213,77.732666,449.2,64.6,route_adv,"{""type"": ""LineString"", ""coordinates"": [[77.73331, 12.96519], [77.73331, 12.96519], [77.73327, 12.96489], [77.73327, 12.9645], [77.7332, 12.96396], [77.73318, 12.96382], [77.73314, 12.96354], [77.7331, 12.96322], [77.733, 12.96253], [77.73297, 12.96235], [77.73292, 12.96212], [77.73283, 12.96178], [77.73278, 12.9616], [77.73276, 12.96152], [77.73271, 12.96137], [77.73267, 12.96121]]}",12.963183647659813,77.7330947315449,45.51768236795433,True,1.0034005918325544,True,SNAPPED,OK,VALID,0.971905,phase3-seg-v1,Nallurahalli Road,Siddapura,The Dunmore House,"Nallurahalli Road, The Dunmore House, Siddapura, Bengaluru, Karnataka. Pin-560066 (India)",2026-06-22T19:09:42.236647+05:30,WHITEFIELD,0.133042723459248,1222.0,20260622_132248_phase2,20260622_190858_phase3
pseg_92b513a6d6e6e35b,pseg_92b513a6d6e6e35b_B_TO_A,8a618920ac07fff,B_TO_A,12.961213,77.732666,12.96519,77.733309,449.2,64.6,route_adv,"{""type"": ""LineString"", ""coordinates"": [[77.73331, 12.96519], [77.73331, 12.96519], [77.73327, 12.96489], [77.73327, 12.9645], [77.7332, 12.96396], [77.73318, 12.96382], [77.73314, 12.96354], [77.7331, 12.96322], [77.733, 12.96253], [77.73297, 12.96235], [77.73292, 12.96212], [77.73283, 12.96178], [77.73278, 12.9616], [77.73276, 12.96152], [77.73271, 12.96137], [77.73267, 12.96121]]}",12.963183647659813,77.7330947315449,45.51768236795433,True,1.0034005918325544,True,SNAPPED,OK,VALID,0.971905,phase3-seg-v1,Nallurahalli Road,Siddapura,The Dunmore House,"Nallurahalli Road, The Dunmore House, Siddapura, Bengaluru, Karnataka. Pin-560066 (India)",2026-06-22T19:09:42.236647+05:30,WHITEFIELD,0.133042723459248,1222.0,20260622_132248_phase2,20260622_190858_phase3
pseg_f16f70c887bab5cc,pseg_f16f70c887bab5cc_A_TO_B,8a618921d127fff,A_TO_B,12.968963,77.74985,12.965294,77.749231,454.9,52.1,route_adv,"{""type"": ""LineString"", ""coordinates"": [[77.74985, 12.96896], [77.74985, 12.96896], [77.7498, 12.96862], [77.74978, 12.96849], [77.74972, 12.96816], [77.7497, 12.96808], [77.74965, 12.96792], [77.74963, 12.96783], [77.74954, 12.96757], [77.74935, 12.96688], [77.7492, 12.96638], [77.74912, 12.96614], [77.74887, 12.96537], [77.74903, 12.96533], [77.74914, 12.96531], [77.74923, 12.96529]]}",12.9669764300396,77.74937655319931,32.038199995557555,True,1.1002506997696948,True,SNAPPED,OK,VALID,0.96803,phase3-seg-v1,,Whitefield,Vaswani Pinnacle,"Whitefield Main Road, Vaswani Pinnacle, Whitefield, Bengaluru, Karnataka. Pin-560066 (India)",2026-06-22T19:09:43.861435+05:30,WHITEFIELD,0.133042723459248,1223.0,20260622_132248_phase2,20260622_190858_phase3
pseg_f16f70c887bab5cc,pseg_f16f70c887bab5cc_B_TO_A,8a618921d127fff,B_TO_A,12.965294,77.749231,12.968963,77.74985,454.9,52.1,route_adv,"{""type"": ""LineString"", ""coordinates"": [[77.74985, 12.96896], [77.74985, 12.96896], [77.7498, 12.96862], [77.74978, 12.96849], [77.74972, 12.96816], [77.7497, 12.96808], [77.74965, 12.96792], [77.74963, 12.96783], [77.74954, 12.96757], [77.74935, 12.96688], [77.7492, 12.96638], [77.74912, 12.96614], [77.74887, 12.96537], [77.74903, 12.96533], [77.74914, 12.96531], [77.74923, 12.96529]]}",12.9669764300396,77.74937655319931,32.038199995557555,True,1.1002506997696948,True,SNAPPED,OK,VALID,0.96803,phase3-seg-v1,,Whitefield,Vaswani Pinnacle,"Whitefield Main Road, Vaswani Pinnacle, Whitefield, Bengaluru, Karnataka. Pin-560066 (India)",2026-06-22T19:09:43.861435+05:30,WHITEFIELD,0.133042723459248,1223.0,20260622_132248_phase2,20260622_190858_phase3
pseg_d7ca4484c63e1934,pseg_d7ca4484c63e1934_A_TO_B,8a618920a98ffff,A_TO_B,12.956413,77.733058,12.955978,77.728928,450.6,46.5,route_adv,"{""type"": ""LineString"", ""coordinates"": [[77.73306, 12.95641], [77.73291, 12.95639], [77.73243, 12.95631], [77.73195, 12.95624], [77.73146, 12.95618], [77.73097, 12.95613], [77.73033, 12.95609], [77.7301, 12.95607], [77.72989, 12.95606], [77.72943, 12.95601], [77.72893, 12.95598], [77.72893, 12.95598]]}",12.956133245648218,77.73100180735253,51.62378098576689,True,1.0009996506187648,True,SNAPPED,OK,VALID,0.968592,phase3-seg-v1,HAL Airport Road,Siddapura,,"HAL Airport Road, Siddapura, Bengaluru, Karnataka. Pin-560066 (India)",2026-06-22T19:09:46.345547+05:30,WHITEFIELD,0.13282382936720685,1248.0,20260622_132248_phase2,20260622_190858_phase3
pseg_d7ca4484c63e1934,pseg_d7ca4484c63e1934_B_TO_A,8a618920a98ffff,B_TO_A,12.955978,77.728928,12.956413,77.733058,450.6,46.5,route_adv,"{""type"": ""LineString"", ""coordinates"": [[77.73306, 12.95641], [77.73291, 12.95639], [77.73243, 12.95631], [77.73195, 12.95624], [77.73146, 12.95618], [77.73097, 12.95613], [77.73033, 12.95609], [77.7301, 12.95607], [77.72989, 12.95606], [77.72943, 12.95601], [77.72893, 12.95598], [77.72893, 12.95598]]}",12.956133245648218,77.73100180735253,51.62378098576689,True,1.0009996506187648,True,SNAPPED,OK,VALID,0.968592,phase3-seg-v1,HAL Airport Road,Siddapura,,"HAL Airport Road, Siddapura, Bengaluru, Karnataka. Pin-560066 (India)",2026-06-22T19:09:46.345547+05:30,WHITEFIELD,0.13282382936720685,1248.0,20260622_132248_phase2,20260622_190858_phase3
pseg_d1442b6af73b43fa,pseg_d1442b6af73b43fa_A_TO_B,8a618920868ffff,A_TO_B,12.952165,77.716285,12.949635,77.71693,488.1,149.8,route_adv,"{""type"": ""LineString"", ""coordinates"": [[77.71629, 12.95217], [77.7175, 12.95215], [77.7175, 12.95186], [77.7175, 12.95178], [77.71751, 12.9516], [77.71751, 12.95143], [77.71755, 12.95098], [77.71759, 12.95058], [77.71732, 12.95052], [77.71713, 12.95053], [77.71682, 12.95051], [77.71693, 12.94964]]}",12.951136792245794,77.71753606291149,189.86622685230887,True,1.6838221811219642,True,SNAPPED,OK,VALID,0.796531,phase3-seg-v1,,,,,2026-06-22T19:09:47.629185+05:30,WHITEFIELD,0.13269249291198215,1281.0,20260622_132248_phase2,20260622_190858_phase3
pseg_d1442b6af73b43fa,pseg_d1442b6af73b43fa_B_TO_A,8a618920868ffff,B_TO_A,12.949635,77.71693,12.952165,77.716285,488.1,149.8,route_adv,"{""type"": ""LineString"", ""coordinates"": [[77.71629, 12.95217], [77.7175, 12.95215], [77.7175, 12.95186], [77.7175, 12.95178], [77.71751, 12.9516], [77.71751, 12.95143], [77.71755, 12.95098], [77.71759, 12.95058], [77.71732, 12.95052], [77.71713, 12.95053], [77.71682, 12.95051], [77.71693, 12.94964]]}",12.951136792245794,77.71753606291149,189.86622685230887,True,1.6838221811219642,True,SNAPPED,OK,VALID,0.796531,phase3-seg-v1,,,,,2026-06-22T19:09:47.629185+05:30,WHITEFIELD,0.13269249291198215,1281.0,20260622_132248_phase2,20260622_190858_phase3
