source_row_number,id,relation,created_datetime_parsed,modified_datetime_parsed,validation_timestamp_parsed
626,FKID000624,modified_before_created,2023-11-30T10:38:46+05:30,2023-11-30T07:57:34.544695+05:30,
707,FKID000705,modified_before_created,2024-03-15T07:42:46+05:30,2024-03-15T07:42:37.988325+05:30,
2097,FKID002095,modified_before_created,2024-03-15T11:42:46+05:30,2024-03-15T11:37:40.143386+05:30,
3003,FKID003001,modified_before_created,2024-02-01T09:27:46+05:30,2024-02-01T09:26:46.928524+05:30,
3010,FKID003008,modified_before_created,2024-02-01T09:27:46+05:30,2024-02-01T09:27:18.156672+05:30,
4426,FKID004424,modified_before_created,2024-01-31T03:13:46+05:30,2024-01-31T03:12:38.122485+05:30,
14960,FKID014958,modified_before_created,2024-01-31T05:23:46+05:30,2024-01-31T05:22:29.219261+05:30,
16772,FKID016770,modified_before_created,2024-01-22T14:50:46+05:30,2024-01-22T14:50:25.693300+05:30,
16811,FKID016809,modified_before_created,2024-01-22T13:37:46+05:30,2024-01-22T13:36:26.230164+05:30,
16894,FKID016892,modified_before_created,2024-01-22T12:03:46+05:30,2024-01-22T12:01:54.338345+05:30,
16904,FKID016902,modified_before_created,2024-01-22T11:59:46+05:30,2024-01-22T11:58:13.947546+05:30,
16907,FKID016905,modified_before_created,2024-01-22T11:57:46+05:30,2024-01-22T11:56:37.217838+05:30,
17778,FKID017776,modified_before_created,2024-01-13T14:13:46+05:30,2024-01-13T12:47:17.156490+05:30,
17781,FKID017779,modified_before_created,2024-01-13T14:06:46+05:30,2024-01-13T12:46:17.201278+05:30,
18809,FKID018807,modified_before_created,2024-01-12T11:06:46+05:30,2024-01-12T11:05:18.802933+05:30,
19114,FKID019112,modified_before_created,2024-01-12T07:45:46+05:30,2024-01-12T07:43:48.284161+05:30,
19724,FKID019722,modified_before_created,2024-01-11T06:51:46+05:30,2024-01-11T06:50:25.062747+05:30,
19862,FKID019860,modified_before_created,2024-01-11T03:01:46+05:30,2024-01-11T03:00:13.328506+05:30,
19866,FKID019864,modified_before_created,2024-01-11T02:51:46+05:30,2024-01-11T02:50:24.540625+05:30,
19867,FKID019865,modified_before_created,2024-01-11T02:49:46+05:30,2024-01-11T02:47:58.345706+05:30,
19868,FKID019866,modified_before_created,2024-01-11T02:48:46+05:30,2024-01-11T02:47:28.588586+05:30,
19919,FKID019917,modified_before_created,2024-01-11T01:16:46+05:30,2024-01-11T01:14:36.610635+05:30,
19924,FKID019922,modified_before_created,2024-01-11T01:13:46+05:30,2024-01-11T01:13:14.493353+05:30,
19925,FKID019923,modified_before_created,2024-01-11T01:13:46+05:30,2024-01-11T01:12:55.363669+05:30,
19926,FKID019924,modified_before_created,2024-01-11T01:13:46+05:30,2024-01-11T01:13:35.058279+05:30,
19927,FKID019925,modified_before_created,2024-01-11T01:12:46+05:30,2024-01-11T01:12:34.767349+05:30,
19933,FKID019931,modified_before_created,2024-01-11T01:06:46+05:30,2024-01-11T01:06:31.947555+05:30,
19937,FKID019935,modified_before_created,2024-01-11T01:04:46+05:30,2024-01-11T01:03:33.453904+05:30,
20802,FKID020800,modified_before_created,2024-01-31T01:54:46+05:30,2024-01-31T01:52:45.928985+05:30,
26320,FKID026318,modified_before_created,2024-02-07T10:34:46+05:30,2024-02-07T10:33:07.809454+05:30,
30345,FKID030343,modified_before_created,2024-02-07T10:34:46+05:30,2024-02-07T10:33:08.493863+05:30,
30346,FKID030344,modified_before_created,2024-02-07T10:36:46+05:30,2024-02-07T10:33:09.322744+05:30,
35622,FKID035620,modified_before_created,2024-02-11T09:28:46+05:30,2024-02-11T09:28:22.472701+05:30,
35626,FKID035624,modified_before_created,2024-02-11T09:29:46+05:30,2024-02-11T09:29:18.319453+05:30,
35805,FKID035803,modified_before_created,2024-04-01T07:33:46+05:30,2024-04-01T07:33:13.105154+05:30,
35853,FKID035851,modified_before_created,2024-02-11T10:24:46+05:30,2024-02-11T10:22:23.196406+05:30,
40085,FKID040083,modified_before_created,2024-02-13T14:08:46+05:30,2024-02-13T14:07:45.142734+05:30,
42222,FKID042220,modified_before_created,2024-04-01T13:37:46+05:30,2024-04-01T13:36:27.138238+05:30,
43422,FKID043420,modified_before_created,2024-02-16T05:47:46+05:30,2024-02-15T09:55:36.542314+05:30,
44812,FKID044810,modified_before_created,2024-02-17T12:21:46+05:30,2024-02-16T04:15:16.859427+05:30,
44836,FKID044834,modified_before_created,2024-04-02T02:47:46+05:30,2024-04-02T02:45:07.108862+05:30,
44851,FKID044849,modified_before_created,2024-04-02T02:47:46+05:30,2024-04-02T02:45:46.479014+05:30,
44913,FKID044911,modified_before_created,2024-04-02T02:48:46+05:30,2024-04-02T02:46:56.672735+05:30,
45990,FKID045988,modified_before_created,2024-02-17T03:03:46+05:30,2024-02-16T13:03:21.052698+05:30,
46049,FKID046047,modified_before_created,2024-02-17T03:01:46+05:30,2024-02-16T13:03:20.416664+05:30,
46054,FKID046052,modified_before_created,2024-02-17T03:03:46+05:30,2024-02-16T13:02:16.764138+05:30,
46055,FKID046053,modified_before_created,2024-02-17T03:03:46+05:30,2024-02-16T13:02:17.312965+05:30,
47790,FKID047788,modified_before_created,2024-04-02T11:22:46+05:30,2024-04-02T11:22:43.083778+05:30,
47807,FKID047805,modified_before_created,2024-04-02T11:23:46+05:30,2024-04-02T11:23:38.017329+05:30,
48229,FKID048227,modified_before_created,2024-02-17T15:49:46+05:30,2024-02-17T14:43:03.921736+05:30,
48251,FKID048249,modified_before_created,2024-04-03T07:03:46+05:30,2024-04-03T07:02:40.351155+05:30,
48322,FKID048320,modified_before_created,2024-04-02T12:03:46+05:30,2024-04-02T12:03:33.390738+05:30,
51086,FKID051084,modified_before_created,2024-02-11T07:58:46+05:30,2024-02-11T07:57:12.594060+05:30,
51087,FKID051085,modified_before_created,2024-02-11T07:59:46+05:30,2024-02-11T07:57:51.377712+05:30,
51253,FKID051251,modified_before_created,2024-02-19T01:32:46+05:30,2024-02-19T01:24:17.600613+05:30,
51661,FKID051659,modified_before_created,2024-02-12T05:22:46+05:30,2024-02-12T05:21:36.061867+05:30,
57763,FKID057761,modified_before_created,2024-04-04T13:07:46+05:30,2024-04-04T13:06:42.268031+05:30,
62101,FKID062099,modified_before_created,2024-02-22T11:55:46+05:30,2024-02-22T11:55:43.565260+05:30,
68155,FKID068153,modified_before_created,2024-02-18T06:33:46+05:30,2024-02-18T06:32:53.342844+05:30,
70988,FKID070986,modified_before_created,2024-02-25T13:26:46+05:30,2024-02-25T13:20:42.522034+05:30,
71107,FKID071105,modified_before_created,2024-04-06T06:20:46+05:30,2024-04-06T06:20:14.008188+05:30,
72404,FKID072402,modified_before_created,2024-02-26T10:22:46+05:30,2024-02-26T09:12:45.823745+05:30,
72447,FKID072445,modified_before_created,2024-04-06T07:15:46+05:30,2024-04-06T07:13:29.682875+05:30,
74093,FKID074091,modified_before_created,2024-02-20T10:44:46+05:30,2024-02-20T10:22:01.948551+05:30,
74381,FKID074379,modified_before_created,2024-02-20T11:14:46+05:30,2024-02-20T11:10:44.299445+05:30,
76592,FKID076590,modified_before_created,2024-02-28T04:57:46+05:30,2024-02-28T04:57:10.324913+05:30,
77791,FKID077789,modified_before_created,2024-02-28T13:30:46+05:30,2024-02-28T13:30:40.152875+05:30,
78125,FKID078123,modified_before_created,2024-03-23T05:13:46+05:30,2024-03-20T05:35:05.074063+05:30,
78126,FKID078124,modified_before_created,2024-03-23T05:14:46+05:30,2024-03-20T05:35:05.990380+05:30,
79391,FKID079389,modified_before_created,2024-02-29T09:33:46+05:30,2024-02-29T09:32:14.945137+05:30,
80092,FKID080090,modified_before_created,2024-02-29T13:50:46+05:30,2024-02-29T13:50:41.171134+05:30,
80638,FKID080636,modified_before_created,2023-12-07T10:12:46+05:30,2023-12-07T10:11:02.798094+05:30,
80957,FKID080955,modified_before_created,2024-03-01T05:20:46+05:30,2024-03-01T05:19:31.035588+05:30,
82435,FKID082433,modified_before_created,2024-04-07T10:05:46+05:30,2024-04-07T10:05:07.773616+05:30,
82465,FKID082463,modified_before_created,2024-04-07T10:05:46+05:30,2024-04-07T10:05:27.328753+05:30,
82553,FKID082551,modified_before_created,2024-04-07T10:10:46+05:30,2024-04-07T10:09:21.757053+05:30,
82567,FKID082565,modified_before_created,2024-04-07T10:10:46+05:30,2024-04-07T10:09:45.865201+05:30,
86217,FKID086215,modified_before_created,2024-03-20T11:19:46+05:30,2024-03-20T11:19:26.232456+05:30,
87773,FKID087771,modified_before_created,2024-03-04T08:59:46+05:30,2024-03-04T08:15:38.954871+05:30,
87887,FKID087885,modified_before_created,2024-03-04T10:15:46+05:30,2024-03-04T09:34:54.741309+05:30,
87904,FKID087902,modified_before_created,2024-03-04T09:01:46+05:30,2024-03-04T08:13:07.984406+05:30,
87905,FKID087903,modified_before_created,2024-03-04T09:00:46+05:30,2024-03-04T08:13:28.017992+05:30,
88096,FKID088094,modified_before_created,2024-03-04T11:14:46+05:30,2024-03-04T10:48:05.251556+05:30,
88116,FKID088114,modified_before_created,2024-03-04T11:20:46+05:30,2024-03-04T10:45:49.240008+05:30,
88474,FKID088472,modified_before_created,2024-03-04T13:43:46+05:30,2024-03-04T12:48:35.929767+05:30,
88475,FKID088473,modified_before_created,2024-03-04T13:37:46+05:30,2024-03-04T12:49:34.320941+05:30,
88476,FKID088474,modified_before_created,2024-03-04T13:35:46+05:30,2024-03-04T12:50:04.723248+05:30,
88754,FKID088752,modified_before_created,2024-03-05T02:04:46+05:30,2024-03-05T02:03:21.177562+05:30,
89451,FKID089449,modified_before_created,2024-03-05T06:38:46+05:30,2024-03-05T06:37:55.521269+05:30,
90827,FKID090825,modified_before_created,2024-03-23T07:21:46+05:30,2024-03-23T07:20:30.938359+05:30,
96516,FKID096514,modified_before_created,2024-03-08T10:22:46+05:30,2024-03-08T10:20:58.100711+05:30,
101467,FKID101465,modified_before_created,2024-02-26T10:23:46+05:30,2024-02-26T09:13:13.220931+05:30,
101876,FKID101874,modified_before_created,2024-03-23T07:24:46+05:30,2024-03-23T07:24:14.374341+05:30,
102151,FKID102149,modified_before_created,2024-03-11T14:31:46+05:30,2024-03-11T14:31:04.810351+05:30,
102152,FKID102150,modified_before_created,2024-03-11T14:34:46+05:30,2024-03-11T14:33:41.961453+05:30,
103104,FKID103102,modified_before_created,2024-03-12T10:38:46+05:30,2024-03-12T10:37:27.321719+05:30,
104148,FKID104146,modified_before_created,2024-01-24T05:37:46+05:30,2024-01-24T05:37:29.732806+05:30,
104696,FKID104694,modified_before_created,2024-03-22T07:00:46+05:30,2024-03-22T07:00:37.079738+05:30,
105097,FKID105095,modified_before_created,2024-03-22T08:02:46+05:30,2024-03-22T08:02:41.592916+05:30,
105098,FKID105096,modified_before_created,2024-03-22T08:02:46+05:30,2024-03-22T08:02:42.817262+05:30,
105099,FKID105097,modified_before_created,2024-03-22T08:03:46+05:30,2024-03-22T08:02:43.562905+05:30,
105939,FKID105937,modified_before_created,2024-03-14T10:52:46+05:30,2024-03-14T10:51:22.946842+05:30,
105965,FKID105963,modified_before_created,2024-03-14T11:25:46+05:30,2024-03-14T11:23:08.206457+05:30,
106534,FKID106532,modified_before_created,2024-03-01T01:06:46+05:30,2024-03-01T01:02:53.074676+05:30,
108498,FKID108496,modified_before_created,2024-03-17T04:07:46+05:30,2024-03-17T04:07:06.183372+05:30,
110172,FKID110170,modified_before_created,2024-03-18T06:15:46+05:30,2024-03-18T06:11:40.160155+05:30,
110176,FKID110174,modified_before_created,2024-03-18T06:23:46+05:30,2024-03-18T06:20:40.338463+05:30,
110801,FKID110799,modified_before_created,2024-03-18T12:16:46+05:30,2024-03-18T12:09:56.841341+05:30,
112512,FKID112510,modified_before_created,2024-03-03T11:44:46+05:30,2024-03-03T11:42:45.713024+05:30,
113002,FKID113000,modified_before_created,2024-03-23T03:45:46+05:30,2024-03-23T03:44:16.546114+05:30,
113267,FKID113265,modified_before_created,2024-03-23T05:47:46+05:30,2024-03-20T05:49:12.640281+05:30,
113268,FKID113266,modified_before_created,2024-03-23T05:47:46+05:30,2024-03-20T05:49:14.454321+05:30,
113447,FKID113445,modified_before_created,2024-03-23T07:30:46+05:30,2024-03-23T07:29:19.894017+05:30,
114043,FKID114041,modified_before_created,2024-01-02T04:37:46+05:30,2024-01-02T03:53:24.255004+05:30,
114044,FKID114042,modified_before_created,2024-01-02T04:37:46+05:30,2024-01-02T03:53:25.303255+05:30,
118434,FKID118432,modified_before_created,2024-02-17T11:01:46+05:30,2024-02-17T11:00:30.807378+05:30,
121531,FKID121529,modified_before_created,2023-11-11T04:21:46+05:30,2023-11-11T04:19:11.952146+05:30,
121856,FKID121854,modified_before_created,2023-11-16T09:19:46+05:30,2023-11-16T09:17:56.143755+05:30,
123475,FKID123473,modified_before_created,2023-12-06T11:24:46+05:30,2023-12-06T10:57:51.867871+05:30,
123476,FKID123474,modified_before_created,2023-12-06T11:25:46+05:30,2023-12-06T10:57:52.980827+05:30,
124449,FKID124447,modified_before_created,2023-12-18T13:44:46+05:30,2023-12-18T13:08:16.728760+05:30,
127325,FKID127323,modified_before_created,2024-01-17T04:08:46+05:30,2024-01-17T04:07:44.156259+05:30,
128335,FKID128333,modified_before_created,2024-03-27T02:25:46+05:30,2024-03-27T02:25:17.622937+05:30,
128337,FKID128335,modified_before_created,2024-01-22T08:23:46+05:30,2024-01-22T08:22:57.155726+05:30,
128355,FKID128353,modified_before_created,2024-01-22T08:32:46+05:30,2024-01-22T08:31:58.966694+05:30,
128366,FKID128364,modified_before_created,2024-01-22T08:34:46+05:30,2024-01-22T08:34:26.095913+05:30,
128367,FKID128365,modified_before_created,2024-01-22T08:34:46+05:30,2024-01-22T08:34:29.305221+05:30,
128687,FKID128685,modified_before_created,2024-01-26T12:45:46+05:30,2024-01-26T12:45:12.850491+05:30,
129002,FKID129000,modified_before_created,2024-03-27T06:20:46+05:30,2024-03-27T06:18:29.555963+05:30,
133056,FKID133054,modified_before_created,2024-03-05T02:25:46+05:30,2024-03-05T02:24:23.621172+05:30,
133341,FKID133339,modified_before_created,2024-03-05T02:09:46+05:30,2024-03-05T02:09:26.403740+05:30,
133522,FKID133520,modified_before_created,2023-11-21T02:36:46+05:30,2023-11-21T02:35:49.780266+05:30,
137093,FKID137091,modified_before_created,2023-11-28T09:12:46+05:30,2023-11-28T08:57:12.734879+05:30,
137095,FKID137093,modified_before_created,2023-11-28T09:11:46+05:30,2023-11-28T08:57:08.206139+05:30,
137096,FKID137094,modified_before_created,2023-11-28T09:12:46+05:30,2023-11-28T08:57:11.487678+05:30,
137097,FKID137095,modified_before_created,2023-11-28T09:09:46+05:30,2023-11-28T08:57:00.636007+05:30,
141336,FKID141334,modified_before_created,2024-03-05T08:17:46+05:30,2024-03-05T08:14:38.766116+05:30,
141340,FKID141338,modified_before_created,2024-03-05T08:22:46+05:30,2024-03-05T08:14:40.535389+05:30,
142413,FKID142411,modified_before_created,2023-12-06T08:34:46+05:30,2023-12-06T08:14:51.330787+05:30,
143108,FKID143106,modified_before_created,2023-12-03T11:13:46+05:30,2023-12-03T11:12:21.631314+05:30,
143400,FKID143398,modified_before_created,2023-12-06T12:23:46+05:30,2023-12-06T12:03:42.043911+05:30,
143403,FKID143401,modified_before_created,2023-12-06T12:24:46+05:30,2023-12-06T12:03:43.715568+05:30,
143404,FKID143402,modified_before_created,2023-12-06T12:24:46+05:30,2023-12-06T12:03:44.612697+05:30,
144681,FKID144679,modified_before_created,2023-11-23T03:17:46+05:30,2023-11-23T03:15:16.305059+05:30,
147065,FKID147063,modified_before_created,2023-11-11T09:27:46+05:30,2023-11-11T09:25:06.609017+05:30,
148011,FKID148009,modified_before_created,2023-12-07T09:13:46+05:30,2023-12-07T09:01:56.441834+05:30,
148014,FKID148012,modified_before_created,2023-12-07T09:13:46+05:30,2023-12-07T09:01:57.750647+05:30,
148629,FKID148627,modified_before_created,2023-12-07T09:38:46+05:30,2023-12-07T09:12:39.211827+05:30,
149244,FKID149242,modified_before_created,2023-11-12T11:59:46+05:30,2023-11-12T11:57:34.348505+05:30,
149508,FKID149506,modified_before_created,2023-11-12T13:56:46+05:30,2023-11-12T13:51:14.339312+05:30,
149519,FKID149517,modified_before_created,2023-11-12T14:13:46+05:30,2023-11-12T14:11:22.465759+05:30,
150412,FKID150410,modified_before_created,2023-12-07T08:23:46+05:30,2023-12-07T08:22:21.583730+05:30,
150490,FKID150488,modified_before_created,2023-12-07T08:52:46+05:30,2023-12-07T08:37:40.388702+05:30,
151624,FKID151622,modified_before_created,2023-12-07T14:15:46+05:30,2023-12-07T14:15:22.024666+05:30,
151797,FKID151795,modified_before_created,2023-11-10T13:15:46+05:30,2023-11-10T13:14:48.782280+05:30,
152533,FKID152531,modified_before_created,2023-11-14T08:49:46+05:30,2023-11-14T08:46:29.413017+05:30,
155227,FKID155225,modified_before_created,2023-11-11T14:18:46+05:30,2023-11-11T14:15:43.906678+05:30,
156442,FKID156440,modified_before_created,2023-12-07T09:38:46+05:30,2023-12-07T09:12:39.838172+05:30,
156474,FKID156472,modified_before_created,2023-11-14T09:21:46+05:30,2023-11-14T09:16:28.417223+05:30,
158214,FKID158212,modified_before_created,2023-11-11T03:03:46+05:30,2023-11-11T03:03:38.883991+05:30,
158407,FKID158405,modified_before_created,2023-11-17T04:01:46+05:30,2023-11-17T04:01:15.620896+05:30,
158723,FKID158721,modified_before_created,2023-11-17T04:02:46+05:30,2023-11-17T04:02:09.364066+05:30,
158768,FKID158766,modified_before_created,2023-11-14T06:56:46+05:30,2023-11-14T06:47:32.923591+05:30,
158769,FKID158767,modified_before_created,2023-11-14T06:56:46+05:30,2023-11-14T06:47:13.983989+05:30,
158815,FKID158813,modified_before_created,2023-12-08T09:42:46+05:30,2023-12-08T09:36:58.195903+05:30,
159160,FKID159158,modified_before_created,2023-11-17T04:04:46+05:30,2023-11-17T04:03:52.403571+05:30,
159175,FKID159173,modified_before_created,2023-12-08T14:43:46+05:30,2023-12-08T14:43:19.079629+05:30,
160305,FKID160303,modified_before_created,2023-11-16T11:31:46+05:30,2023-11-16T11:28:49.353697+05:30,
163872,FKID163870,modified_before_created,2023-11-18T11:49:46+05:30,2023-11-18T11:49:36.162418+05:30,
164002,FKID164000,modified_before_created,2023-11-18T11:43:46+05:30,2023-11-18T11:42:56.634362+05:30,
164291,FKID164289,modified_before_created,2023-11-18T07:54:46+05:30,2023-11-18T07:52:19.555536+05:30,
164351,FKID164349,modified_before_created,2023-11-18T05:40:46+05:30,2023-11-18T05:40:04.531304+05:30,
164673,FKID164671,modified_before_created,2023-12-08T09:40:46+05:30,2023-12-08T09:21:18.150290+05:30,
165792,FKID165790,modified_before_created,2023-11-19T13:59:46+05:30,2023-11-19T13:35:42.559920+05:30,
165798,FKID165796,modified_before_created,2023-11-19T14:02:46+05:30,2023-11-19T13:35:43.460910+05:30,
166559,FKID166557,modified_before_created,2023-12-06T12:22:46+05:30,2023-12-06T12:03:41.279024+05:30,
166560,FKID166558,modified_before_created,2023-12-06T12:24:46+05:30,2023-12-06T12:03:42.695983+05:30,
167137,FKID167135,modified_before_created,2023-11-15T06:15:46+05:30,2023-11-15T06:14:19.308009+05:30,
167245,FKID167243,modified_before_created,2023-11-18T09:26:46+05:30,2023-11-18T09:26:11.180688+05:30,
167252,FKID167250,modified_before_created,2023-11-18T09:25:46+05:30,2023-11-18T09:25:43.492830+05:30,
167256,FKID167254,modified_before_created,2023-11-18T09:25:46+05:30,2023-11-18T09:24:59.168654+05:30,
170748,FKID170746,modified_before_created,2023-12-07T12:29:46+05:30,2023-12-07T11:56:37.367963+05:30,
170793,FKID170791,modified_before_created,2023-12-09T09:23:46+05:30,2023-12-09T09:02:39.194916+05:30,
170804,FKID170802,modified_before_created,2023-12-09T09:24:46+05:30,2023-12-09T09:03:24.549166+05:30,
173903,FKID173901,modified_before_created,2023-12-10T13:32:46+05:30,2023-12-10T13:32:34.944875+05:30,
174281,FKID174279,modified_before_created,2023-12-10T10:17:46+05:30,2023-12-10T10:15:26.690883+05:30,
174577,FKID174575,modified_before_created,2023-12-11T06:04:46+05:30,2023-12-11T06:04:04.494387+05:30,
174622,FKID174620,modified_before_created,2023-12-10T11:27:46+05:30,2023-12-10T11:26:57.363642+05:30,
174631,FKID174629,modified_before_created,2023-12-10T11:25:46+05:30,2023-12-10T11:25:11.718076+05:30,
174740,FKID174738,modified_before_created,2023-12-10T11:58:46+05:30,2023-12-10T11:58:13.553856+05:30,
174741,FKID174739,modified_before_created,2023-12-10T11:58:46+05:30,2023-12-10T11:58:14.278782+05:30,
174756,FKID174754,modified_before_created,2023-12-10T12:01:46+05:30,2023-12-10T12:00:53.408070+05:30,
174757,FKID174755,modified_before_created,2023-12-10T12:01:46+05:30,2023-12-10T12:00:54.460842+05:30,
174987,FKID174985,modified_before_created,2023-12-10T13:32:46+05:30,2023-12-10T13:32:34.355255+05:30,
174990,FKID174988,modified_before_created,2023-12-10T13:33:46+05:30,2023-12-10T13:32:35.668376+05:30,
175263,FKID175261,modified_before_created,2023-12-11T02:50:46+05:30,2023-12-11T02:50:42.130035+05:30,
175264,FKID175262,modified_before_created,2023-12-11T02:49:46+05:30,2023-12-11T02:49:02.443844+05:30,
175265,FKID175263,modified_before_created,2023-12-11T02:51:46+05:30,2023-12-11T02:50:42.796336+05:30,
175278,FKID175276,modified_before_created,2023-12-11T02:53:46+05:30,2023-12-11T02:53:05.068882+05:30,
175309,FKID175307,modified_before_created,2023-12-11T02:56:46+05:30,2023-12-11T02:56:24.688444+05:30,
176229,FKID176227,modified_before_created,2023-12-11T06:04:46+05:30,2023-12-11T06:04:05.115483+05:30,
176241,FKID176239,modified_before_created,2023-12-11T06:06:46+05:30,2023-12-11T06:06:13.789843+05:30,
176244,FKID176242,modified_before_created,2023-12-11T06:05:46+05:30,2023-12-11T06:05:25.395435+05:30,
176245,FKID176243,modified_before_created,2023-12-11T06:05:46+05:30,2023-12-11T06:05:26.038817+05:30,
176324,FKID176322,modified_before_created,2023-12-11T06:07:46+05:30,2023-12-11T06:07:14.160883+05:30,
176332,FKID176330,modified_before_created,2023-12-11T06:07:46+05:30,2023-12-11T06:07:14.933231+05:30,
176347,FKID176345,modified_before_created,2023-12-08T09:41:46+05:30,2023-12-08T09:35:37.223189+05:30,
176348,FKID176346,modified_before_created,2023-12-08T09:40:46+05:30,2023-12-08T09:35:34.797187+05:30,
176615,FKID176613,modified_before_created,2023-12-12T12:13:46+05:30,2023-12-12T12:13:10.856459+05:30,
177651,FKID177649,modified_before_created,2023-12-13T04:03:46+05:30,2023-12-13T04:03:07.616593+05:30,
178019,FKID178017,modified_before_created,2023-11-17T10:07:46+05:30,2023-11-17T10:07:29.915040+05:30,
178020,FKID178018,modified_before_created,2023-11-17T10:07:46+05:30,2023-11-17T10:06:37.726620+05:30,
179656,FKID179654,modified_before_created,2023-12-12T11:12:46+05:30,2023-12-12T11:12:16.440724+05:30,
180137,FKID180135,modified_before_created,2023-12-13T06:51:46+05:30,2023-12-13T06:50:23.010204+05:30,
181134,FKID181132,modified_before_created,2023-12-10T11:59:46+05:30,2023-12-10T11:59:39.732925+05:30,
181135,FKID181133,modified_before_created,2023-12-10T12:00:46+05:30,2023-12-10T11:59:40.416652+05:30,
182334,FKID182332,modified_before_created,2023-11-23T14:41:46+05:30,2023-11-23T14:38:12.098460+05:30,
182337,FKID182335,modified_before_created,2023-11-23T14:41:46+05:30,2023-11-23T14:39:08.338011+05:30,
182338,FKID182336,modified_before_created,2023-11-23T14:41:46+05:30,2023-11-23T14:39:33.155715+05:30,
182670,FKID182668,modified_before_created,2023-11-23T11:12:46+05:30,2023-11-23T11:11:47.584133+05:30,
182831,FKID182829,modified_before_created,2023-12-11T02:55:46+05:30,2023-12-11T02:54:29.590007+05:30,
184038,FKID184036,modified_before_created,2023-11-24T12:53:46+05:30,2023-11-24T11:58:55.525294+05:30,
186087,FKID186085,modified_before_created,2023-11-23T10:53:46+05:30,2023-11-23T10:50:59.454158+05:30,
187380,FKID187378,modified_before_created,2023-12-14T05:44:46+05:30,2023-12-14T05:44:26.597552+05:30,
187390,FKID187388,modified_before_created,2023-12-14T05:44:46+05:30,2023-12-14T05:43:50.471573+05:30,
187450,FKID187448,modified_before_created,2023-12-14T04:14:46+05:30,2023-12-14T04:13:20.438190+05:30,
195192,FKID195190,modified_before_created,2023-12-20T10:39:46+05:30,2023-12-20T10:18:32.107617+05:30,
196664,FKID196662,modified_before_created,2023-12-21T10:38:46+05:30,2023-12-21T10:38:39.989967+05:30,
197310,FKID197308,modified_before_created,2023-12-21T08:21:46+05:30,2023-12-21T08:20:58.944912+05:30,
199760,FKID199758,modified_before_created,2023-12-20T10:10:46+05:30,2023-12-20T09:49:27.594127+05:30,
202885,FKID202883,modified_before_created,2023-11-23T10:52:46+05:30,2023-11-23T10:50:31.195069+05:30,
206727,FKID206725,modified_before_created,2023-11-28T09:08:46+05:30,2023-11-28T08:46:08.972493+05:30,
206767,FKID206765,modified_before_created,2023-11-28T09:09:46+05:30,2023-11-28T08:57:01.509148+05:30,
206768,FKID206766,modified_before_created,2023-11-28T09:09:46+05:30,2023-11-28T08:57:02.945194+05:30,
206769,FKID206767,modified_before_created,2023-11-28T09:10:46+05:30,2023-11-28T08:57:04.954418+05:30,
206772,FKID206770,modified_before_created,2023-11-28T09:11:46+05:30,2023-11-28T08:57:09.464870+05:30,
211115,FKID211113,modified_before_created,2023-12-29T08:40:46+05:30,2023-12-29T08:34:56.642965+05:30,
211279,FKID211277,modified_before_created,2023-12-29T15:04:46+05:30,2023-12-29T15:04:11.988237+05:30,
213155,FKID213153,modified_before_created,2023-12-29T08:06:46+05:30,2023-12-29T08:02:41.118638+05:30,
213198,FKID213196,modified_before_created,2023-12-29T08:26:46+05:30,2023-12-29T08:22:15.442832+05:30,
213219,FKID213217,modified_before_created,2023-12-29T08:34:46+05:30,2023-12-29T08:34:44.898198+05:30,
213228,FKID213226,modified_before_created,2023-12-29T08:40:46+05:30,2023-12-29T08:34:54.365214+05:30,
214061,FKID214059,modified_before_created,2023-12-31T07:39:46+05:30,2023-12-31T07:26:10.762900+05:30,
214604,FKID214602,modified_before_created,2023-12-31T04:09:46+05:30,2023-12-31T04:05:00.710434+05:30,
214608,FKID214606,modified_before_created,2023-12-31T04:09:46+05:30,2023-12-31T04:05:02.152821+05:30,
214763,FKID214761,modified_before_created,2024-01-01T06:03:46+05:30,2024-01-01T06:02:09.595588+05:30,
214776,FKID214774,modified_before_created,2024-01-01T06:00:46+05:30,2024-01-01T06:00:18.296008+05:30,
214796,FKID214794,modified_before_created,2024-01-01T06:02:46+05:30,2024-01-01T06:01:34.015561+05:30,
214981,FKID214979,modified_before_created,2023-12-29T08:30:46+05:30,2023-12-29T08:20:41.821046+05:30,
214988,FKID214986,modified_before_created,2023-12-29T08:20:46+05:30,2023-12-29T08:20:12.438266+05:30,
227641,FKID227639,modified_before_created,2024-01-06T03:56:46+05:30,2024-01-05T04:01:06.952334+05:30,
230046,FKID230044,modified_before_created,2024-01-09T04:41:46+05:30,2024-01-09T04:41:28.874377+05:30,
235612,FKID235610,modified_before_created,2024-01-09T04:13:46+05:30,2024-01-09T04:13:29.181122+05:30,
235634,FKID235632,modified_before_created,2024-01-09T04:44:46+05:30,2024-01-09T04:44:44.283692+05:30,
235636,FKID235634,modified_before_created,2024-01-09T04:42:46+05:30,2024-01-09T04:42:35.317567+05:30,
236314,FKID236312,modified_before_created,2024-01-10T11:11:46+05:30,2024-01-09T11:39:09.719836+05:30,
237207,FKID237205,modified_before_created,2024-01-10T11:58:46+05:30,2024-01-10T11:18:10.243160+05:30,
240358,FKID240356,modified_before_created,2024-01-12T08:54:46+05:30,2024-01-12T08:54:03.651888+05:30,
240363,FKID240361,modified_before_created,2024-01-12T08:56:46+05:30,2024-01-12T08:56:02.246216+05:30,
241565,FKID241563,modified_before_created,2024-01-12T10:33:46+05:30,2024-01-12T10:28:15.440381+05:30,
242117,FKID242115,modified_before_created,2024-01-12T11:04:46+05:30,2024-01-12T11:03:01.855982+05:30,
242197,FKID242195,modified_before_created,2024-01-12T11:05:46+05:30,2024-01-12T11:03:55.025481+05:30,
242200,FKID242198,modified_before_created,2024-01-12T11:05:46+05:30,2024-01-12T11:04:21.843959+05:30,
242332,FKID242330,modified_before_created,2024-01-12T11:07:46+05:30,2024-01-12T11:05:39.670438+05:30,
242435,FKID242433,modified_before_created,2024-01-12T11:10:46+05:30,2024-01-12T11:08:44.811929+05:30,
242450,FKID242448,modified_before_created,2024-01-12T11:11:46+05:30,2024-01-12T11:10:11.733253+05:30,
242616,FKID242614,modified_before_created,2024-01-12T11:13:46+05:30,2024-01-12T11:11:53.304923+05:30,
242708,FKID242706,modified_before_created,2024-01-12T11:15:46+05:30,2024-01-12T11:14:16.972424+05:30,
242739,FKID242737,modified_before_created,2024-01-12T11:16:46+05:30,2024-01-12T11:15:15.538653+05:30,
243025,FKID243023,modified_before_created,2024-01-14T13:08:46+05:30,2024-01-14T13:07:37.365055+05:30,
243045,FKID243043,modified_before_created,2024-01-14T13:19:46+05:30,2024-01-14T13:18:11.604269+05:30,
243055,FKID243053,modified_before_created,2024-01-14T13:20:46+05:30,2024-01-14T13:19:01.229627+05:30,
243468,FKID243466,modified_before_created,2024-01-14T08:28:46+05:30,2024-01-14T08:28:23.843334+05:30,
244529,FKID244527,modified_before_created,2024-01-13T12:54:46+05:30,2024-01-13T12:53:57.206111+05:30,
246497,FKID246495,modified_before_created,2024-01-14T08:27:46+05:30,2024-01-14T08:24:30.466984+05:30,
246665,FKID246663,modified_before_created,2024-01-14T09:00:46+05:30,2024-01-14T09:00:31.666240+05:30,
253686,FKID253684,modified_before_created,2024-01-20T13:24:46+05:30,2024-01-20T13:21:47.137702+05:30,
256277,FKID256275,modified_before_created,2024-01-20T07:39:46+05:30,2024-01-20T06:42:25.978264+05:30,
257199,FKID257197,modified_before_created,2024-01-21T13:07:46+05:30,2024-01-21T13:07:40.346119+05:30,
257912,FKID257910,modified_before_created,2024-01-22T10:48:46+05:30,2024-01-22T10:48:33.006722+05:30,
258264,FKID258262,modified_before_created,2024-01-22T11:45:46+05:30,2024-01-22T11:45:00.507271+05:30,
259718,FKID259716,modified_before_created,2024-01-24T05:53:46+05:30,2024-01-24T05:52:38.700860+05:30,
260842,FKID260840,modified_before_created,2024-01-21T13:07:46+05:30,2024-01-21T13:07:19.613216+05:30,
260948,FKID260946,modified_before_created,2024-01-22T11:58:46+05:30,2024-01-22T11:58:40.076977+05:30,
262736,FKID262734,modified_before_created,2024-01-14T08:28:46+05:30,2024-01-14T08:28:40.847023+05:30,
264757,FKID264755,modified_before_created,2024-03-08T10:22:46+05:30,2024-03-08T10:21:33.215865+05:30,
265657,FKID265655,modified_before_created,2024-01-24T06:15:46+05:30,2024-01-24T06:14:40.515869+05:30,
272361,FKID272359,modified_before_created,2023-11-15T16:53:46+05:30,2023-11-15T16:23:17.816636+05:30,
273185,FKID273183,modified_before_created,2024-01-31T04:48:46+05:30,2024-01-31T04:47:26.735296+05:30,
273189,FKID273187,modified_before_created,2024-01-31T04:48:46+05:30,2024-01-31T04:47:46.580581+05:30,
273321,FKID273319,modified_before_created,2024-01-31T02:58:46+05:30,2024-01-31T02:58:38.125511+05:30,
273551,FKID273549,modified_before_created,2024-01-31T05:23:46+05:30,2024-01-31T05:22:45.003657+05:30,
273628,FKID273626,modified_before_created,2024-01-31T03:12:46+05:30,2024-01-31T03:10:38.699028+05:30,
273735,FKID273733,modified_before_created,2024-01-31T03:13:46+05:30,2024-01-31T03:12:57.813452+05:30,
273825,FKID273823,modified_before_created,2024-01-31T06:07:46+05:30,2024-01-31T06:06:47.880002+05:30,
273958,FKID273956,modified_before_created,2024-01-31T06:16:46+05:30,2024-01-31T06:14:41.400595+05:30,
273960,FKID273958,modified_before_created,2024-01-31T06:16:46+05:30,2024-01-31T06:14:59.476525+05:30,
275817,FKID275815,modified_before_created,2024-02-01T00:34:46+05:30,2024-02-01T00:09:49.156091+05:30,
276185,FKID276183,modified_before_created,2024-01-31T01:41:46+05:30,2024-01-31T01:41:30.304955+05:30,
276371,FKID276369,modified_before_created,2024-02-01T05:41:46+05:30,2024-02-01T05:39:23.349344+05:30,
276573,FKID276571,modified_before_created,2023-11-16T09:07:46+05:30,2023-11-16T09:04:35.950321+05:30,
276862,FKID276860,modified_before_created,2024-02-25T05:35:46+05:30,2024-02-25T05:29:48.051689+05:30,
279453,FKID279451,modified_before_created,2023-11-12T14:13:46+05:30,2023-11-12T14:11:38.003621+05:30,
280823,FKID280821,modified_before_created,2023-12-11T02:54:46+05:30,2023-12-11T02:54:29.065295+05:30,
283329,FKID283327,modified_before_created,2023-12-20T09:09:46+05:30,2023-12-20T09:09:20.908028+05:30,
286175,FKID286173,modified_before_created,2023-12-24T07:46:46+05:30,2023-12-24T07:46:20.053481+05:30,
287586,FKID287584,modified_before_created,2023-12-26T08:03:46+05:30,2023-12-26T08:03:27.213191+05:30,
290106,FKID290104,modified_before_created,2023-11-28T09:21:46+05:30,2023-11-28T08:57:13.925506+05:30,
295112,FKID295110,modified_before_created,2024-03-14T08:59:46+05:30,2024-03-14T08:58:17.940444+05:30,
295405,FKID295403,modified_before_created,2024-03-14T09:25:46+05:30,2024-03-14T09:24:28.486551+05:30,
296573,FKID296571,modified_before_created,2024-03-14T10:47:46+05:30,2024-03-14T10:46:10.382152+05:30,
296607,FKID296605,modified_before_created,2024-03-14T10:50:46+05:30,2024-03-14T10:49:17.821464+05:30,
296693,FKID296691,modified_before_created,2024-03-14T11:07:46+05:30,2024-03-14T11:06:59.215027+05:30,
296694,FKID296692,modified_before_created,2024-03-14T11:07:46+05:30,2024-03-14T11:06:57.452866+05:30,
227641,FKID227639,validation_before_created,2024-01-06T03:56:46+05:30,,2024-01-06T00:53:46.174000+05:30
236314,FKID236312,validation_before_created,2024-01-10T11:11:46+05:30,,2024-01-09T20:31:50.955000+05:30
